dry_grass,DJI_0455_EER/dry_grass_128x128_1.jpg
dry_grass,DJI_0455_EER/dry_grass_128x128_10.jpg
dry_grass,DJI_0455_EER/dry_grass_128x128_11.jpg
dry_grass,DJI_0455_EER/dry_grass_128x128_12.jpg
dry_grass,DJI_0455_EER/dry_grass_128x128_13.jpg
dry_grass,DJI_0455_EER/dry_grass_128x128_14.jpg
dry_grass,DJI_0455_EER/dry_grass_128x128_15.jpg
dry_grass,DJI_0455_EER/dry_grass_128x128_16.jpg
dry_grass,DJI_0455_EER/dry_grass_128x128_17.jpg
dry_grass,DJI_0455_EER/dry_grass_128x128_18.jpg
dry_grass,DJI_0455_EER/dry_grass_128x128_19.jpg
dry_grass,DJI_0455_EER/dry_grass_128x128_2.jpg
dry_grass,DJI_0455_EER/dry_grass_128x128_20.jpg
dry_grass,DJI_0455_EER/dry_grass_128x128_3.jpg
dry_grass,DJI_0455_EER/dry_grass_128x128_4.jpg
dry_grass,DJI_0455_EER/dry_grass_128x128_5.jpg
dry_grass,DJI_0455_EER/dry_grass_128x128_6.jpg
dry_grass,DJI_0455_EER/dry_grass_128x128_7.jpg
dry_grass,DJI_0455_EER/dry_grass_128x128_8.jpg
dry_grass,DJI_0455_EER/dry_grass_128x128_9.jpg
fresh_grass,DJI_0455_EER/fresh_grass_128x128_1.jpg
fresh_grass,DJI_0455_EER/fresh_grass_128x128_10.jpg
fresh_grass,DJI_0455_EER/fresh_grass_128x128_11.jpg
fresh_grass,DJI_0455_EER/fresh_grass_128x128_12.jpg
fresh_grass,DJI_0455_EER/fresh_grass_128x128_13.jpg
fresh_grass,DJI_0455_EER/fresh_grass_128x128_14.jpg
fresh_grass,DJI_0455_EER/fresh_grass_128x128_15.jpg
fresh_grass,DJI_0455_EER/fresh_grass_128x128_16.jpg
fresh_grass,DJI_0455_EER/fresh_grass_128x128_17.jpg
fresh_grass,DJI_0455_EER/fresh_grass_128x128_18.jpg
fresh_grass,DJI_0455_EER/fresh_grass_128x128_19.jpg
fresh_grass,DJI_0455_EER/fresh_grass_128x128_2.jpg
fresh_grass,DJI_0455_EER/fresh_grass_128x128_20.jpg
fresh_grass,DJI_0455_EER/fresh_grass_128x128_3.jpg
fresh_grass,DJI_0455_EER/fresh_grass_128x128_4.jpg
fresh_grass,DJI_0455_EER/fresh_grass_128x128_5.jpg
fresh_grass,DJI_0455_EER/fresh_grass_128x128_6.jpg
fresh_grass,DJI_0455_EER/fresh_grass_128x128_7.jpg
fresh_grass,DJI_0455_EER/fresh_grass_128x128_8.jpg
fresh_grass,DJI_0455_EER/fresh_grass_128x128_9.jpg
shrubbery,DJI_0455_EER/shrubbery_128x128_1.jpg
shrubbery,DJI_0455_EER/shrubbery_128x128_10.jpg
shrubbery,DJI_0455_EER/shrubbery_128x128_11.jpg
shrubbery,DJI_0455_EER/shrubbery_128x128_12.jpg
shrubbery,DJI_0455_EER/shrubbery_128x128_13.jpg
shrubbery,DJI_0455_EER/shrubbery_128x128_14.jpg
shrubbery,DJI_0455_EER/shrubbery_128x128_15.jpg
shrubbery,DJI_0455_EER/shrubbery_128x128_16.jpg
shrubbery,DJI_0455_EER/shrubbery_128x128_17.jpg
shrubbery,DJI_0455_EER/shrubbery_128x128_18.jpg
shrubbery,DJI_0455_EER/shrubbery_128x128_19.jpg
shrubbery,DJI_0455_EER/shrubbery_128x128_2.jpg
shrubbery,DJI_0455_EER/shrubbery_128x128_20.jpg
shrubbery,DJI_0455_EER/shrubbery_128x128_3.jpg
shrubbery,DJI_0455_EER/shrubbery_128x128_4.jpg
shrubbery,DJI_0455_EER/shrubbery_128x128_5.jpg
shrubbery,DJI_0455_EER/shrubbery_128x128_6.jpg
shrubbery,DJI_0455_EER/shrubbery_128x128_7.jpg
shrubbery,DJI_0455_EER/shrubbery_128x128_8.jpg
shrubbery,DJI_0455_EER/shrubbery_128x128_9.jpg
smooth_concrete,DJI_0455_EER/smooth_concrete_128x128_1.jpg
smooth_concrete,DJI_0455_EER/smooth_concrete_128x128_10.jpg
smooth_concrete,DJI_0455_EER/smooth_concrete_128x128_11.jpg
smooth_concrete,DJI_0455_EER/smooth_concrete_128x128_12.jpg
smooth_concrete,DJI_0455_EER/smooth_concrete_128x128_13.jpg
smooth_concrete,DJI_0455_EER/smooth_concrete_128x128_14.jpg
smooth_concrete,DJI_0455_EER/smooth_concrete_128x128_15.jpg
smooth_concrete,DJI_0455_EER/smooth_concrete_128x128_16.jpg
smooth_concrete,DJI_0455_EER/smooth_concrete_128x128_17.jpg
smooth_concrete,DJI_0455_EER/smooth_concrete_128x128_18.jpg
smooth_concrete,DJI_0455_EER/smooth_concrete_128x128_19.jpg
smooth_concrete,DJI_0455_EER/smooth_concrete_128x128_2.jpg
smooth_concrete,DJI_0455_EER/smooth_concrete_128x128_20.jpg
smooth_concrete,DJI_0455_EER/smooth_concrete_128x128_3.jpg
smooth_concrete,DJI_0455_EER/smooth_concrete_128x128_4.jpg
smooth_concrete,DJI_0455_EER/smooth_concrete_128x128_5.jpg
smooth_concrete,DJI_0455_EER/smooth_concrete_128x128_6.jpg
smooth_concrete,DJI_0455_EER/smooth_concrete_128x128_7.jpg
smooth_concrete,DJI_0455_EER/smooth_concrete_128x128_8.jpg
smooth_concrete,DJI_0455_EER/smooth_concrete_128x128_9.jpg
tree,DJI_0455_EER/tree_128x128_1.jpg
tree,DJI_0455_EER/tree_128x128_10.jpg
tree,DJI_0455_EER/tree_128x128_11.jpg
tree,DJI_0455_EER/tree_128x128_12.jpg
tree,DJI_0455_EER/tree_128x128_13.jpg
tree,DJI_0455_EER/tree_128x128_14.jpg
tree,DJI_0455_EER/tree_128x128_15.jpg
tree,DJI_0455_EER/tree_128x128_16.jpg
tree,DJI_0455_EER/tree_128x128_17.jpg
tree,DJI_0455_EER/tree_128x128_18.jpg
tree,DJI_0455_EER/tree_128x128_19.jpg
tree,DJI_0455_EER/tree_128x128_2.jpg
tree,DJI_0455_EER/tree_128x128_20.jpg
tree,DJI_0455_EER/tree_128x128_3.jpg
tree,DJI_0455_EER/tree_128x128_4.jpg
tree,DJI_0455_EER/tree_128x128_5.jpg
tree,DJI_0455_EER/tree_128x128_6.jpg
tree,DJI_0455_EER/tree_128x128_7.jpg
tree,DJI_0455_EER/tree_128x128_8.jpg
tree,DJI_0455_EER/tree_128x128_9.jpg
